id,name,email,password,role_id,is_active,created_at
1,Justin Parker,kwise@example.net,o5yECseg&L64,2,1,2026-04-25T22:21:46.224332
2,Sarah Boyer,oneillkathryn@example.com,)Zcsnn6ig9Bo,1,1,2026-02-16T08:51:47.000442
3,Nicholas Welch,douglasblair@example.org,z#!gWDeuU70n,2,1,2026-03-30T11:16:37.029451
4,Brian Henderson,cwarren@example.net,$%*0DeQ4^5pQ,3,0,2026-02-22T10:47:43.720062
5,Jennifer Hanson,gkaiser@example.net,BW&&Q6Spr^&O,3,0,2026-02-15T22:26:33.133081
6,Jennifer Tucker,charles51@example.com,&yrtSr2zir8K,1,1,2026-05-06T12:45:52.478637
7,Erin Evans,gavila@example.org,V9)q1Z8xqnc#,3,1,2026-02-16T19:11:02.264328
8,Alexandria Navarro MD,williammartin@example.net,_#110b0hrCvX,1,1,2026-01-03T19:43:55.825805
9,Ashley Johnson,margaretgreene@example.net,#$9_(TVtJ$IH,1,1,2026-03-22T07:38:57.829960
10,Tyler Decker,adamswilliam@example.org,h^+)K)ZDHr6s,1,1,2026-03-22T02:08:20.763082
11,Joshua Lara,pwhite@example.net,&1UVb6ixekUb,1,1,2026-03-24T15:34:38.512057
12,Thomas Peters,uwhite@example.com,)vXgWdi861E@,1,0,2026-03-15T04:51:36.863881
13,James Collins,griffithrachel@example.com,(3C0clI)$3a%,1,0,2026-01-02T10:00:53.027531
14,Andrew Silva,rfernandez@example.net,@F7clHiag3IB,1,0,2026-03-27T23:17:44.688596
15,Mr. Antonio Hansen MD,guy53@example.org,xm412IoM%%k4,1,1,2026-01-29T18:10:42.826321
16,Mary Beasley,charles02@example.net,&56RW5xTcl$m,3,1,2026-02-15T02:54:59.854219
17,Norman Burns,franksnyder@example.org,)r2YRhcpA1h+,3,0,2026-05-02T07:47:17.816000
18,Antonio Pratt,brandy26@example.net,RV^6HhQF0FbJ,3,1,2026-02-17T06:58:00.448720
19,Renee Simmons,scottjason@example.com,1J$GrRH!#J1A,1,0,2026-02-01T03:08:20.866469
20,Bradley Taylor,annstone@example.com,2&M2&UdoC!2b,1,0,2026-04-22T02:34:27.679996
21,Kimberly Schneider,zlittle@example.net,qW$uTmnIF#4f,2,1,2026-02-14T04:45:15.031104
22,Andrea Vargas,owebster@example.org,WQn8Mmh834@8,2,1,2026-03-22T00:15:54.390057
23,Sarah Roberts,janet54@example.com,x@Xy86KyLXV^,3,0,2026-01-06T04:40:04.252233
24,James Young,denisediaz@example.org,dWa!IVc4*G6%,3,0,2026-01-20T23:35:14.314761
25,Danielle Joseph,pyoung@example.org,^T&DFG7gU7C*,1,1,2026-01-24T06:05:11.176080
26,Chad Jackson,ryancarey@example.net,^g@1)UUy_)aB,1,0,2026-04-12T20:20:36.951463
27,Katherine Gray,annhernandez@example.net,4#IZ^e&8*9Zw,3,0,2026-03-10T07:56:12.520567
28,Robert Houston,scarter@example.net,XJ4!8iauS$8Z,2,0,2026-01-13T20:38:25.613550
29,William Lopez,hsimon@example.net,C^@ADBRlDo2B,1,1,2026-02-21T09:14:38.514127
30,Christopher Griffith,suzannelewis@example.org,@x&2Lh$FbCR^,1,0,2026-01-11T00:45:10.474045
31,Matthew Gomez,andersonchad@example.com,)iTe04^Powy3,1,0,2026-03-24T13:43:41.095295
32,Kristi Brady,joshua52@example.net,$0Bef3@(O_rh,2,0,2026-03-14T06:27:44.148393
33,Nichole Flores,andrew19@example.org,H(&G1Dun(0sL,2,1,2026-01-08T20:32:21.081716
34,Elizabeth Scott,dennisjonathan@example.org,#79pOp6NZ!Sp,3,0,2026-01-07T21:18:25.154320
35,Cody Riley,jwright@example.com,NM9_6vvWevAQ,3,0,2026-02-10T06:11:15.183794
36,Brittney Park,robertlawson@example.com,u4VZf8&z(s4X,2,1,2026-05-15T00:10:44.448216
37,Ashley Jones,adamsheather@example.com,0eCA&!AX$!rS,3,0,2026-01-03T17:30:29.803735
38,Ronald Davis,christophermarquez@example.org,_DYA0Vjox^4l,3,1,2026-03-19T10:13:48.101367
39,Thomas Harmon,crystal15@example.org,f06X+tJc_I)F,1,1,2026-05-12T15:18:07.537765
40,Michelle Morris,patricia93@example.net,l5KVzyivV7M%,2,1,2026-03-08T09:00:03.388223
41,Melanie Greene,scott63@example.com,%pywUw_UBD7z,3,0,2026-04-13T02:09:21.338147
42,Lauren King,barbaragomez@example.net,8OImRffr+5@X,3,0,2026-04-04T23:55:32.966153
43,Caleb Scott,heatherwilliams@example.net,A(eH9jLqVZ3a,1,1,2026-04-30T10:10:47.772114
44,Lisa Crane,ewinganthony@example.com,ZiKU(ol#(0K*,3,0,2026-03-23T09:39:22.864148
45,Alicia Bowers,julia26@example.net,_3Zchh!9ipcO,2,1,2026-01-24T00:30:10.851978
46,Joseph King,hicksabigail@example.com,JzKT9Sv_$0Ik,2,0,2026-03-26T17:20:54.852805
47,Kelly Pena,tammyjackson@example.net,X$3Y^mbm%V8T,1,1,2026-03-30T00:49:39.042428
48,Katherine Horne,gmiller@example.net,^VrWF%dTz99&,1,0,2026-04-22T03:16:17.900391
49,Shannon Bryant,bwilcox@example.com,#fvG!)ZvwW1n,2,0,2026-04-23T21:20:43.565408
50,Jesse Smith,crystal08@example.org,t21jQ9Bg#8O),3,1,2026-05-09T11:15:02.866307
